C18_30D, FeasibilityRate, MeanFitness, MeanViolation, BestFitness, ViolationForBestFitness
NoCHT,0.0,50.150681534248875,0.9970939818784912,5.470786520438024,0.2505047073368861
BrickWall,0.0,NaN,NaN,1.7976931348623157E308,1.7976931348623157E308
PenaltyMean,0.0,46.46299458299201,0.970856417973131,7.212146844452346,0.5497001921588478
PenaltyMax,0.0,42.17107974607812,1.261796645987414,7.681869808623031,1.3069029189711159
PieceWiseStd,0.0,13236.03889302568,0.07227349768455271,9750.466055830846,0.29566496113511354
PieceWisePOC,3.3333333333333335,14298.43615474035,0.12177548391246533,11220.896712293797,0.15908527421766122
PieceWiseEpsilon,0.0,8348.367383155508,0.04538391916238366,6169.938619307659,9.574433232284463E-4
