C12_30D, FeasibilityRate, MeanFitness, MeanViolation, BestFitness, ViolationForBestFitness
NoCHT,0.0,-14883.237872586704,5.380588930104526E12,-16154.80235362106,5.396318760341885E12
BrickWall,0.0,NaN,NaN,1.7976931348623157E308,1.7976931348623157E308
PenaltyMean,0.0,-5599.828179272512,2.243494252881927E12,-7078.461795975226,2.61997777108464E12
PenaltyMax,0.0,-6035.602225512385,2.392718388214465E12,-8466.115899659366,3.5247661096071245E12
PieceWiseStd,0.0,-5848.860697353778,2.2267232762424883E12,-8335.792078484521,2.0592381296266218E12
PieceWisePOC,0.0,-5479.453868357225,2.1676275378634075E12,-6982.375418972644,2.0891856815203289E12
PieceWiseEpsilon,0.0,-6969.735403590467,2.0002673847320935E12,-8499.252812927456,1.927863790196658E12
