G14, FeasibilityRate, MeanFitness, MeanViolation, BestFitness, ViolationForBestFitness
NoCHT,0.0,-2096.028419040008,58.666663881697865,-2096.028452444945,58.66666495980821
BrickWall,0.0,NaN,NaN,1.7976931348623157E308,1.7976931348623157E308
PenaltyMean,0.0,-2096.0284232354934,58.66666401533778,-2096.028453705876,58.66666493196897
PenaltyMax,0.0,-2096.028420985486,58.666663991227466,-2096.0284575842834,58.66666498791156
PieceWiseStd,0.0,-1397.3015747986403,38.15299465522319,-1528.9222098814646,42.325652450181934
PieceWisePOC,0.0,-1328.8614277883412,36.37413860914996,-1498.6911966481996,41.507074852861074
PieceWiseEpsilon,0.0,-1395.285154078318,38.19096720094418,-1498.3224023106263,40.99505151452449
