C01_2D, FeasibilityRate, MeanFitness, MeanViolation, BestFitness, ViolationForBestFitness
NoCHT,0.0,-0.6630128107094643,0.3201243423086051,-0.6630128107285579,0.32012435234080966
BrickWall,100.0,-0.36157512218831567,0.0,-0.36497972352900254,0.0
PenaltyMean,0.0,-0.659552710238197,0.31301317876639184,-0.6623684208691898,0.31879853802002645
PenaltyMax,0.0,-0.587434324537858,0.22128919603821776,-0.6429088128483221,0.2833678710177675
PieceWiseStd,96.66666666666667,-0.3684377284473711,0.008017455420100923,-0.5944739115638564,0.2405236626030277
PieceWisePOC,86.66666666666667,-0.3708090347814142,0.023883555405089466,-0.5574130779624163,0.25667850549723853
PieceWiseEpsilon,93.33333333333333,-0.37638145217561886,0.017369496842572805,-0.6176891761871911,0.25306430036105415
