C14_10D, FeasibilityRate, MeanFitness, MeanViolation, BestFitness, ViolationForBestFitness
NoCHT,96.66666666666667,10.469097566394828,0.006601782388353348,4.942612659286498,0.0
BrickWall,100.0,2.303264593196541E12,0.0,3.565551245143622E11,0.0
PenaltyMean,86.66666666666667,16.064837836039782,0.040542602518594026,4.820791985554976,0.0
PenaltyMax,100.0,9.317865946952939,0.0,4.659546568286256,0.0
PieceWiseStd,66.66666666666666,1.8371893319248577E12,19.640395872886838,5.019421238680339E11,0.1890313869186381
PieceWisePOC,76.66666666666667,2.5835109101186475E12,14.485503185321978,5.29145917652022E11,0.0
PieceWiseEpsilon,76.66666666666667,2.3524532727781193E10,1.6167309660271014,1.1237111253663938E9,0.0
