C03_2D, FeasibilityRate, MeanFitness, MeanViolation, BestFitness, ViolationForBestFitness
NoCHT,3.3333333333333335,1.3882305109142,8.282213043103063,3.9075851140886023E-5,0.0
BrickWall,0.0,NaN,NaN,1.7976931348623157E308,1.7976931348623157E308
PenaltyMean,100.0,3.1869231156911764E-5,0.0,4.93243086515111E-8,0.0
PenaltyMax,93.33333333333333,3.843510020720421E-5,1.0842259754142082E-5,1.081318790254736E-7,0.0
PieceWiseStd,100.0,6.355138199811347E-6,0.0,6.484748693168991E-8,0.0
PieceWisePOC,100.0,1.5447469719307815E-5,0.0,1.4894499070403108E-7,0.0
PieceWiseEpsilon,100.0,5.599905056393836E-7,0.0,6.437609305867663E-10,0.0
