C11_10D, FeasibilityRate, MeanFitness, MeanViolation, BestFitness, ViolationForBestFitness
NoCHT,0.0,-558.8260022249135,3.3193801597509193E10,-721.3282805842175,3.659430321070799E10
BrickWall,0.0,NaN,NaN,1.7976931348623157E308,1.7976931348623157E308
PenaltyMean,0.0,-297.3720446473934,1.4480818248716951E10,-376.2978639473255,2.206180733082413E10
PenaltyMax,0.0,-305.63378390658534,1.7214233409666748E10,-388.6439854218572,3.126820646885538E10
PieceWiseStd,0.0,-296.5021475490742,1.616029286943613E10,-371.00951948911114,2.103290323075139E10
PieceWisePOC,0.0,-295.81595848504105,1.4002918615465656E10,-458.0578625649766,3.4111215809972645E10
PieceWiseEpsilon,0.0,-340.17850917308857,1.5722752960301874E10,-417.13379857450724,1.6211263726828325E10
