G18, FeasibilityRate, MeanFitness, MeanViolation, BestFitness, ViolationForBestFitness
NoCHT,0.0,-399.96661792791974,323.47638688051836,-399.99995424539117,276.38458021364636
BrickWall,0.0,NaN,NaN,1.7976931348623157E308,1.7976931348623157E308
PenaltyMean,0.0,-368.83227969998205,246.79516323893156,-377.6756364331845,253.84969157301555
PenaltyMax,0.0,-163.61975926553518,158.50880947946226,-218.7943183940898,168.09085124517202
PieceWiseStd,0.0,-133.36062673405087,129.34819433282047,-219.99852302943214,172.60321511841357
PieceWisePOC,0.0,-119.01716379765338,120.48594959198185,-187.99209205523482,168.5465769919365
PieceWiseEpsilon,0.0,-146.26752851426508,125.29036201927238,-220.8613055883245,200.91957102698032
