C06_2D, FeasibilityRate, MeanFitness, MeanViolation, BestFitness, ViolationForBestFitness
NoCHT,0.0,-598.4044843722555,56.59177042862848,-598.4044843722571,55.879505904961384
BrickWall,0.0,NaN,NaN,1.7976931348623157E308,1.7976931348623157E308
PenaltyMean,0.0,-598.4044831164084,55.56785590130292,-598.4044843683449,55.564175030101126
PenaltyMax,0.0,-598.4044796289274,55.56441665037691,-598.4044843549754,55.564327030555646
PieceWiseStd,0.0,-565.5526466827303,43.84521678618103,-591.4231951843466,53.0637305708283
PieceWisePOC,0.0,-555.3762368857189,39.799686552664056,-594.8535390902042,57.5461135820446
PieceWiseEpsilon,0.0,-583.5414871636273,51.72027037795948,-597.4978374056533,56.13615968119425
