C08_10D, FeasibilityRate, MeanFitness, MeanViolation, BestFitness, ViolationForBestFitness
NoCHT,0.0,5.08556739610622,1.0981749112082992,4.306268556264656,1.3170275966448006
BrickWall,100.0,11.075878345943364,0.0,1.1198937560511646,0.0
PenaltyMean,0.0,5.006701691871927,1.1027640714069016,4.299723456171056,1.3097773420538594
PenaltyMax,0.0,5.237219012623217,1.04115309993765,4.471506593999533,1.3011618203808002
PieceWiseStd,100.0,57.83242936710576,0.0,21.406105591877925,0.0
PieceWisePOC,100.0,49.61261623016479,0.0,14.746425424563231,0.0
PieceWiseEpsilon,100.0,56.59924129328864,0.0,28.466286203721893,0.0
