C07_10D, FeasibilityRate, MeanFitness, MeanViolation, BestFitness, ViolationForBestFitness
NoCHT,100.0,5.062842356897073,0.0,4.298260949341601,0.0
BrickWall,100.0,5.624317020848711,0.0,4.176104553004844,0.0
PenaltyMean,100.0,4.859972043083024,0.0,4.265935575130539,0.0
PenaltyMax,100.0,5.152419564446495,0.0,3.9985290977423356,0.0
PieceWiseStd,100.0,5.408293571429733,0.0,4.438324860843892,0.0
PieceWisePOC,100.0,5.519384384096686,0.0,4.038105156082741,0.0
PieceWiseEpsilon,100.0,4.919355449387392,0.0,4.044845392678106,0.0
