C03_10D, FeasibilityRate, MeanFitness, MeanViolation, BestFitness, ViolationForBestFitness
NoCHT,0.0,8.444761204321923,0.35641010672155826,4.794747597953525,0.16410183416870433
BrickWall,0.0,NaN,NaN,1.7976931348623157E308,1.7976931348623157E308
PenaltyMean,0.0,5.214320317126844,0.16539478593794513,4.59674714206073,0.16257132510168282
PenaltyMax,0.0,5.227187511355357,0.16741990066044116,4.647222414656698,0.17644223022192948
PieceWiseStd,0.0,3.4863289787693085E10,25282.365683053267,1.759673436418477E7,1422.8875349118568
PieceWisePOC,0.0,5.891828976745927E9,17383.939488264336,3.776935131626619E7,2130.752633993017
PieceWiseEpsilon,0.0,8.34234051747521,0.09424348393020676,7.638470952380988,0.10523139030510235
