G07, FeasibilityRate, MeanFitness, MeanViolation, BestFitness, ViolationForBestFitness
NoCHT,0.0,-24.00000000000001,38.124999555730994,-24.000000000000014,38.12499941329602
BrickWall,0.0,NaN,NaN,1.7976931348623157E308,1.7976931348623157E308
PenaltyMean,0.0,-18.95690401671424,20.772180370137153,-19.826515752679313,22.842969562630188
PenaltyMax,0.0,-14.332625905292826,15.266892772456554,-17.485115786423805,23.97483713607606
PieceWiseStd,100.0,24.909844840269997,0.0,24.674743328952953,0.0
PieceWisePOC,100.0,25.134316331465612,0.0,24.719993144211852,0.0
PieceWiseEpsilon,0.0,7.635257675782329,8.900698214662315,0.15887650136172482,13.189650498719246
