C09_10D, FeasibilityRate, MeanFitness, MeanViolation, BestFitness, ViolationForBestFitness
NoCHT,0.0,5.585404516677746,5.718262021550128,4.802700887794564,5.16678105263436
BrickWall,0.0,NaN,NaN,1.7976931348623157E308,1.7976931348623157E308
PenaltyMean,0.0,7.562116727963265,4.63824685691406,3.653537706994137,4.149153914329127
PenaltyMax,0.0,5.05179855972213,5.157337034286453,3.6917208900965237,4.238982525949568
PieceWiseStd,0.0,1.662920654275944E11,65.64439704940919,4.643521223754605E10,4.832164133508266
PieceWisePOC,0.0,1.8004995703871774E11,26.25664883272714,6.5865039702666046E10,0.9189761131941978
PieceWiseEpsilon,0.0,3.9529599125027313E9,2.5896709100637794,2.7374396250603074E8,4.879459768319917
