C17_2D, FeasibilityRate, MeanFitness, MeanViolation, BestFitness, ViolationForBestFitness
NoCHT,0.0,5.451930954541254E-23,10.374450728045792,1.5709302110861365E-27,0.03912201688667352
BrickWall,0.0,NaN,NaN,1.7976931348623157E308,1.7976931348623157E308
PenaltyMean,0.0,5.1221201031008487E-17,5.979997452485716E-11,4.38909264726724E-21,3.968407075272015E-12
PenaltyMax,0.0,1.191868870078808E-16,1.2026267413693263E-10,5.582619020163862E-20,1.0541094908138267E-10
PieceWiseStd,80.0,2.700510508432784E-6,0.0011218046558280957,1.3601896295471161E-8,0.0
PieceWisePOC,3.3333333333333335,8.938415370093756E-4,0.29377047498931363,5.906481932243669E-7,2.1244329256840784
PieceWiseEpsilon,0.0,1.565918597541271E-13,2.9014274649625654E-5,2.525736536016449E-16,4.7386372125886455E-9
