C13_2D, FeasibilityRate, MeanFitness, MeanViolation, BestFitness, ViolationForBestFitness
NoCHT,100.0,-488.07109224072826,0.0,-488.0710922407283,0.0
BrickWall,100.0,-488.07109224072826,0.0,-488.0710922407283,0.0
PenaltyMean,100.0,-488.07109224072826,0.0,-488.0710922407283,0.0
PenaltyMax,100.0,-320.18976558455364,0.0,-445.3062344848906,0.0
PieceWiseStd,100.0,-488.07109224072826,0.0,-488.0710922407283,0.0
PieceWisePOC,100.0,-488.07109224072826,0.0,-488.0710922407283,0.0
PieceWiseEpsilon,100.0,-488.07109224072826,0.0,-488.0710922407283,0.0
