C18_2D, FeasibilityRate, MeanFitness, MeanViolation, BestFitness, ViolationForBestFitness
NoCHT,0.0,1.6598842061623349E-21,7.707487984767712,1.313169417267105E-25,8.56457239125375
BrickWall,0.0,NaN,NaN,1.7976931348623157E308,1.7976931348623157E308
PenaltyMean,96.66666666666667,4.993266207145074E-13,3.341811699867035E-8,2.7063766246798817E-19,0.0
PenaltyMax,100.0,4.9264957498496397E-14,0.0,2.4898616095132736E-19,0.0
PieceWiseStd,10.0,0.0028464212124737153,0.3449258787426773,6.446605573318337E-7,0.0
PieceWisePOC,0.0,0.007566129183038334,0.29344424513185013,5.389066258728624E-7,3.098970865202496
PieceWiseEpsilon,53.333333333333336,2.0512000370637202E-7,0.03174588547961149,3.564744003148044E-14,0.0
