G05, FeasibilityRate, MeanFitness, MeanViolation, BestFitness, ViolationForBestFitness
NoCHT,0.0,2.0149778913374456E-20,364.50355610652116,4.342025528473277E-22,321.63247235868266
BrickWall,0.0,NaN,NaN,1.7976931348623157E308,1.7976931348623157E308
PenaltyMean,0.0,6.007670347198264E-14,319.9952488945734,2.323285262699133E-15,319.99524889457336
PenaltyMax,0.0,3.6462032111445273E-9,321.90083177270446,1.9968304384881537E-10,321.9008317731831
PieceWiseStd,0.0,673.5835406855141,311.5503701351856,211.7362766141739,322.25131566151407
PieceWisePOC,0.0,1074.5303959363273,300.74982994019746,238.72932288882987,323.4292635747174
PieceWiseEpsilon,0.0,318.70597203150913,312.419932584374,104.54851048138377,350.2335381992989
