G22, FeasibilityRate, MeanFitness, MeanViolation, BestFitness, ViolationForBestFitness
NoCHT,0.0,2.0759872651423216E-144,1616674.539354763,4.066869180021621E-149,1114754.451357013
BrickWall,0.0,NaN,NaN,1.7976931348623157E308,1.7976931348623157E308
PenaltyMean,0.0,1.5859288569519937E-10,1.1361441367720265E-4,1.885797926272034E-12,3.7024581140927226E-6
PenaltyMax,0.0,3.1279425806328757E-7,5.6499293479908346E-5,1.6623962246474627E-9,1.3350474968694713E-5
PieceWiseStd,93.33333333333333,2.3479283421343458,29694.482198766007,0.24725875233097838,11821.557878071619
PieceWisePOC,96.66666666666667,26.839848326282503,90365.77639767913,13.65423360943474,2710973.291930374
PieceWiseEpsilon,0.0,2.779224199969628E-29,0.052057724206593915,1.54177940626018E-34,0.04317742852055399
