C12_10D, FeasibilityRate, MeanFitness, MeanViolation, BestFitness, ViolationForBestFitness
NoCHT,0.0,-8980.122248623991,3.1164814442423438E12,-8996.326120633472,3.188781132975657E12
BrickWall,0.0,NaN,NaN,1.7976931348623157E308,1.7976931348623157E308
PenaltyMean,0.0,-3141.4516753417643,9.785045578562156E11,-4082.6546270581816,1.1932290010624602E12
PenaltyMax,0.0,-3003.9947225686906,7.332747828986699E11,-3573.776544462442,8.522016667156133E11
PieceWiseStd,0.0,-3007.9224530628157,6.734213613622489E11,-4012.19901296276,9.755080831066039E11
PieceWisePOC,0.0,-2902.1173003384392,7.267151830281057E11,-3529.6727198766835,9.466174118782523E11
PieceWiseEpsilon,0.0,-3718.1638478940586,7.825620894243943E11,-4961.098842502124,1.1387018012497402E12
