C14_30D, FeasibilityRate, MeanFitness, MeanViolation, BestFitness, ViolationForBestFitness
NoCHT,100.0,25.244044677476577,0.0,24.257674662340975,0.0
BrickWall,100.0,8.481500995974677E12,0.0,1.6729885837848567E12,0.0
PenaltyMean,100.0,28.487424678236394,0.0,23.945851404170977,0.0
PenaltyMax,100.0,25.35104223445461,0.0,24.19916447556502,0.0
PieceWiseStd,100.0,2.6986061166846477E13,0.0,1.0798423470133246E13,0.0
PieceWisePOC,100.0,2.7054861999943664E13,0.0,1.5050220089220922E13,0.0
PieceWiseEpsilon,96.66666666666667,1.2794194280040543E13,0.3664419347603219,4.108759803108531E12,0.0
