C02_30D, FeasibilityRate, MeanFitness, MeanViolation, BestFitness, ViolationForBestFitness
NoCHT,0.0,-4.623372327055118,12.230903490526442,-4.623372327055118,12.362008329258574
BrickWall,0.0,NaN,NaN,1.7976931348623157E308,1.7976931348623157E308
PenaltyMean,0.0,-1.9793175843094943,0.16462740423270064,-2.073021193117098,0.1393141943800534
PenaltyMax,0.0,-1.4867564973170386,0.12344722549368412,-1.70144806251345,0.24757929226137185
PieceWiseStd,0.0,2.16335516729842,0.17205701289396108,1.0914409462733419,0.010069719276743902
PieceWisePOC,0.0,2.463011827834977,0.04908672362427454,1.8952199922490396,0.0037482947051389695
PieceWiseEpsilon,0.0,0.29115277983676285,0.018686810177955475,-0.2733569654197199,0.03163573659213389
