G16, FeasibilityRate, MeanFitness, MeanViolation, BestFitness, ViolationForBestFitness
NoCHT,0.0,-2.6984121485059833,3.8739745178243536,-2.6984121485157297,3.873973621968727
BrickWall,0.0,NaN,NaN,1.7976931348623157E308,1.7976931348623157E308
PenaltyMean,0.0,-2.3758273351569823,2.802820463533078,-2.5712038775165835,3.632557724779347
PenaltyMax,0.0,-2.2994681470336134,7.189974706548957,-2.5055538164677924,3.2012137938093947
PieceWiseStd,0.0,-2.244740235587729,14.313657702851046,-2.4657574693729893,3.6124770196642597
PieceWisePOC,23.333333333333332,-2.0332554285278297,5.4461135381873955,-2.341800808080145,3.386011204978576
PieceWiseEpsilon,0.0,-2.513026101964876,3.1919859765068734,-2.6007283493116495,3.248914521202578
