C18_10D, FeasibilityRate, MeanFitness, MeanViolation, BestFitness, ViolationForBestFitness
NoCHT,0,2.703848325244751,2.8721104194346907,0.4047469060819846,1.8845966798978497
BrickWall,100,NaN,0.0,1.7976931348623157E308,1.7976931348623157E308
PenaltyMean,0,2.622257181125071,1.7270898776620394,0.6674829291346256,0.6533041295198319
PenaltyMax,0,2.2157043958849094,1.5856419718230006,0.5756366478054187,6.252919566495792
PieceWiseStd,0,1711.2437749568364,0.17695636483994104,550.7373036196462,0.008637366143093139
PieceWisePOC,0,1743.4103231867634,0.3467334714706858,910.3110637433306,5.215061818327982E-4
PieceWiseEpsilon,0,398.3889896690587,0.06868836469940107,132.99760224242016,0.03930019075532132
