C10_2D, FeasibilityRate, MeanFitness, MeanViolation, BestFitness, ViolationForBestFitness
NoCHT,0,0.5188129859030961,0.2803425437329021,3.5391017877445886E-4,0.0031292693848015943
BrickWall,100,NaN,0.0,1.7976931348623157E308,1.7976931348623157E308
PenaltyMean,0,0.49522876504206326,0.33038403045676423,9.139802174259365E-5,3.256275166937993E-4
PenaltyMax,0,0.36689946102017923,0.1193673714139249,4.149172835833164E-5,5.613000735203065E-4
PieceWiseStd,0,54.16246144862603,0.7378027717820063,0.0033417407717032796,2.2184329326596544E-4
PieceWisePOC,0,30.35037766405233,0.15778793485771422,0.006689520026256732,0.010083336496907458
PieceWiseEpsilon,0,6.525821031781921E-4,7.572101088193555E-4,3.65034309871632E-9,0.0
