G21, FeasibilityRate, MeanFitness, MeanViolation, BestFitness, ViolationForBestFitness
NoCHT,0.0,5.307550426235633E-51,205.0240838084349,1.1638235261220689E-57,275.82546064374486
BrickWall,100.0,10.923111445755943,0.0,0.4084204924629993,0.0
PenaltyMean,0.0,1.1097888036762721E-14,2.7210596422388432E-11,1.5545754901255558E-17,2.679010661780996E-11
PenaltyMax,0.0,1.3357886190861933E-11,2.7530294430071993E-9,1.1547057380823945E-12,1.2291339891166706E-10
PieceWiseStd,26.666666666666668,10.437437726465761,72.81695341534008,0.39193324612851743,65.4604259306383
PieceWisePOC,46.666666666666664,15.438752295340418,59.286807355213206,0.6105644906825303,51.709654467573706
PieceWiseEpsilon,36.666666666666664,1.272081126815641,36.4079329099518,4.968073537263215E-6,1.8034567865874749
