C08_30D, FeasibilityRate, MeanFitness, MeanViolation, BestFitness, ViolationForBestFitness
NoCHT,100,23.672464829489602,0.0,23.09507805092698,0.0
BrickWall,100,25.862053809904896,0.0,25.120999858612077,0.0
PenaltyMean,100,23.93459893558509,0.0,23.338037690667626,0.0
PenaltyMax,100,23.781697748514222,0.0,23.136721364400234,0.0
PieceWiseStd,100,400.67946146727286,0.0,44.60765035137767,0.0
PieceWisePOC,100,664.7015841137214,0.0,44.16536368196607,0.0
PieceWiseEpsilon,100,415.471759797645,0.0,33.445360946193766,0.0
