C06_30D, FeasibilityRate, MeanFitness, MeanViolation, BestFitness, ViolationForBestFitness
NoCHT,0.0,-590.809137187086,83.51864178541246,-590.8091376352165,84.92756113615931
BrickWall,0.0,NaN,NaN,1.7976931348623157E308,1.7976931348623157E308
PenaltyMean,0.0,-508.46633435834656,8.188731365436714,-512.975233228534,5.453291022597222
PenaltyMax,0.0,-493.46948717677947,10.890015617529842,-506.1289258447419,11.392480907119962
PieceWiseStd,0.0,280.59430099615525,8.770008209897123,155.86801434851034,5.81187767069024
PieceWisePOC,0.0,306.9061497573781,10.075373200939932,241.31730687085764,8.667323443386136
PieceWiseEpsilon,0.0,116.44609815480912,4.885019383841027,9.469661838946667,6.081261767909208
