C10_30D, FeasibilityRate, MeanFitness, MeanViolation, BestFitness, ViolationForBestFitness
NoCHT,0,30.73140817823873,3.7569421900106286,23.772843815182902,2.353525869315287
BrickWall,100,NaN,0.0,1.7976931348623157E308,1.7976931348623157E308
PenaltyMean,0,27.255498074261514,2.1726858465577488,24.33307147355657,2.103013507524634
PenaltyMax,0,29.72778172591687,2.8435153195424316,24.315226807808582,2.04718729575288
PieceWiseStd,0,6.3479472772086045E12,12.046705096350507,3.4617619719913076E12,132.53315485692332
PieceWisePOC,0,6.354061331203453E12,23.85019102587722,3.0953783465020376E12,3.5717597225871316
PieceWiseEpsilon,0,1.80694683896895E12,11.581660500837943,1.0814292395088915E12,2.482275134704759
