G23, FeasibilityRate, MeanFitness, MeanViolation, BestFitness, ViolationForBestFitness
NoCHT,73.33333333333333,-3900.0,0.060226208196663376,-3900.0,0.0
BrickWall,0.0,NaN,NaN,1.7976931348623157E308,1.7976931348623157E308
PenaltyMean,100.0,-3900.0,0.0,-3900.0,0.0
PenaltyMax,100.0,-3900.0,0.0,-3900.0,0.0
PieceWiseStd,100.0,-3900.0,0.0,-3900.0,0.0
PieceWisePOC,100.0,-3900.0,0.0,-3900.0,0.0
PieceWiseEpsilon,100.0,-3900.0,0.0,-3900.0,0.0
