C12_2D, FeasibilityRate, MeanFitness, MeanViolation, BestFitness, ViolationForBestFitness
NoCHT,0,-1785.4561519504723,3.197053909447498E11,-1785.4561519504728,3.1970539121828613E11
BrickWall,100,NaN,0.0,1.7976931348623157E308,1.7976931348623157E308
PenaltyMean,0,-1188.76934146091,8.707014895326083E10,-1503.8266419896415,1.3383743992974501E11
PenaltyMax,0,-1169.29431991472,8.452894121788379E10,-1436.7648075901452,2.785917609855338E11
PieceWiseStd,0,-1118.4282215193589,5.139664888221242E10,-1598.830334725083,1.3474974732096706E11
PieceWisePOC,0,-1039.4816510843352,4.970555197816476E10,-1530.2398956441705,3.170750218057006E11
PieceWiseEpsilon,0,-1379.5567948350654,1.167127400639333E11,-1597.893976960857,2.949656961201293E11
