G24, FeasibilityRate, MeanFitness, MeanViolation, BestFitness, ViolationForBestFitness
NoCHT,0,-6.999999977869723,1.9999999944057374,-6.999999995836794,1.999999999501771
BrickWall,100,-5.508010070899943,0.0,-5.50801302603737,0.0
PenaltyMean,0,-6.758948752718784,1.7742806758480165,-6.90364114993252,1.9516726752355176
PenaltyMax,0,-6.650913226309075,1.5530569787690094,-6.952294760460919,1.9840172386512016
PieceWiseStd,0,-6.243558566366127,0.8564065827641147,-6.702132150591117,1.8482498935737333
PieceWisePOC,0,-6.012923755394202,0.7763589411296826,-6.674656804676475,1.6309723324517833
PieceWiseEpsilon,0,-6.239381902511525,0.8720388040413513,-6.677744401328839,1.6005814852769866
