C02_2D, FeasibilityRate, MeanFitness, MeanViolation, BestFitness, ViolationForBestFitness
NoCHT,0,-5.0530609007133025,14.887247503861007,-5.053060900713303,15.287742456192703
BrickWall,100,NaN,0.0,1.7976931348623157E308,1.7976931348623157E308
PenaltyMean,0,-4.029683401199708,9.038575452370122,-5.00176569542361,13.504006885364477
PenaltyMax,0,-3.8942927845184045,8.131986693011477,-4.882258663375692,14.491045096864411
PieceWiseStd,0,-3.237634891300057,4.793076116565391,-4.536943611246355,13.114693352963565
PieceWisePOC,0,-2.8732478936978296,3.547304580316451,-3.686137543543764,6.440500597502016
PieceWiseEpsilon,0,-3.5450572231233535,6.423004138437968,-4.501131763202075,12.753631066293243
