G19, FeasibilityRate, MeanFitness, MeanViolation, BestFitness, ViolationForBestFitness
NoCHT,0,-59.9999987802554,61.599760466528686,-59.999999383475505,61.599788036254
BrickWall,100,35.81298977158078,0.0,34.840216506984376,0.0
PenaltyMean,0,-56.80975668444697,56.70973029205172,-57.52266618258825,57.84275550465579
PenaltyMax,0,-53.07281194305138,55.98041446885989,-54.4716112814501,58.03973467167748
PieceWiseStd,100,38.66942822445597,0.0,36.220636091849656,0.0
PieceWisePOC,100,38.64955026216226,0.0,37.40939048295638,0.0
PieceWiseEpsilon,100,38.708406979720564,0.0,37.52186118573373,0.0
