G20, FeasibilityRate, MeanFitness, MeanViolation, BestFitness, ViolationForBestFitness
NoCHT,0,9.157557449803756E-18,0.02842577038452289,4.583783496718183E-18,0.03478139114557209
BrickWall,100,NaN,0.0,1.7976931348623157E308,1.7976931348623157E308
PenaltyMean,0,5.7764353302924435E-6,1.7499340763689476E-5,3.831326686938343E-6,1.2797495829408489E-5
PenaltyMax,0,0.0014280142630026691,0.005492159106405755,9.338781538577165E-4,0.00411336842030848
PieceWiseStd,0,0.09283264723300923,0.03672777331803275,0.06711543622286127,0.0326811387032053
PieceWisePOC,100,NaN,0.0,1.7976931348623157E308,1.7976931348623157E308
PieceWiseEpsilon,0,3.29957320408781E-6,7.890951341326548E-6,1.8756663756210003E-6,4.343631299828052E-6
