C09_2D, FeasibilityRate, MeanFitness, MeanViolation, BestFitness, ViolationForBestFitness
NoCHT,0,0.47474174731919455,0.6710335105717299,0.001189513684096219,0.02145578279283969
BrickWall,100,NaN,0.0,1.7976931348623157E308,1.7976931348623157E308
PenaltyMean,0,0.331962204674509,0.8063366935121923,2.5010453266001514E-5,0.001217148055845746
PenaltyMax,0,0.22290213191208214,0.62799061887206,1.993042664089989E-5,8.086262667997284E-4
PieceWiseStd,0,162.21722627240698,3.3574189811861137,0.01833344696360882,0.01594504500531555
PieceWisePOC,0,128.97339204643043,3.3422634278594616,0.5803354055344478,0.19256720787095538
PieceWiseEpsilon,0,0.0014193587269694633,0.007450371969222579,4.1732709536837806E-8,0.0
