C06_10D, FeasibilityRate, MeanFitness, MeanViolation, BestFitness, ViolationForBestFitness
NoCHT,0.0,-590.8091376418391,34.09765951688515,-590.8091376418391,26.44481914747601
BrickWall,0.0,NaN,NaN,1.7976931348623157E308,1.7976931348623157E308
PenaltyMean,0.0,-579.4581988265473,3.1113624699914406,-580.8992591377245,6.946770850853654
PenaltyMax,0.0,-578.5285955189917,3.624440674376192,-581.2722473520487,9.359684722589133
PieceWiseStd,0.0,-26.05804674671995,28.897969281244446,-119.04529887946714,1.4658809726587578
PieceWisePOC,0.0,-15.064370811657737,30.997405686837418,-116.59641165357755,1.558593580739877
PieceWiseEpsilon,0.0,-259.5875736038781,13.174359871713612,-344.7670326267049,9.108564139481377
