G01, FeasibilityRate, MeanFitness, MeanViolation, BestFitness, ViolationForBestFitness
NoCHT,0,-305.9999997401962,129.22222220857049,-305.9999999295898,129.22222221743294
BrickWall,100,NaN,0.0,1.7976931348623157E308,1.7976931348623157E308
PenaltyMean,0,-305.99997376772285,127.666665387502,-305.9999879665375,127.666666905054
PenaltyMax,0,-305.99999974798726,129.2222221931039,-305.99999985495634,129.22222221512186
PieceWiseStd,0,-228.8953632119357,97.56107457879664,-259.82690691681995,110.2756897815856
PieceWisePOC,0,-205.80855732418306,87.19931296943875,-268.96682777784304,115.54145899564836
PieceWiseEpsilon,0,-230.867278466811,98.25293643916501,-288.86319406449223,123.93497567918396
