G02, FeasibilityRate, MeanFitness, MeanViolation, BestFitness, ViolationForBestFitness
NoCHT,0,-7.244051910800305E14,0.375,-1.16377606403124E15,0.375
BrickWall,100,-0.8030544949512936,0.0,-0.8032440692425916,0.0
PenaltyMean,0,-0.8028192468190267,5.531019510894353E-4,-0.8032266588054472,0.0017444673941165445
PenaltyMax,0,-0.802044183502304,1.6843255274167263E-4,-0.8031490486127415,0.0
PieceWiseStd,100,-0.8025632388482369,0.0,-0.803094385181772,0.0
PieceWisePOC,100,-0.8024338962452381,0.0,-0.8029456557299507,0.0
PieceWiseEpsilon,100,-0.8024964378677476,0.0,-0.8030072518379114,0.0
