C10_10D, FeasibilityRate, MeanFitness, MeanViolation, BestFitness, ViolationForBestFitness
NoCHT,0,6.453386381391206,2.3393926977699793,4.722421622956906,2.5225754322979292
BrickWall,100,NaN,0.0,1.7976931348623157E308,1.7976931348623157E308
PenaltyMean,0,6.0597401428425846,2.36237456656708,4.693065920108181,2.498214592135914
PenaltyMax,0,5.6005484379566015,2.350810137326948,4.87589402053432,2.4483229227361973
PieceWiseStd,0,2.290752960062888E11,32.66569653166842,4.383516610820952E10,25.198200824754743
PieceWisePOC,0,1.875432270835849E11,17.307971707344493,6.65385357943003E10,0.9718329208341068
PieceWiseEpsilon,0,4.658019406417572E9,6.722864364072261,7.084780265864688E8,1.2748846748139542
