G10, FeasibilityRate, MeanFitness, MeanViolation, BestFitness, ViolationForBestFitness
NoCHT,0.0,2100.0,120529.63710969406,2100.0,156191.33981990672
BrickWall,0.0,NaN,NaN,1.7976931348623157E308,1.7976931348623157E308
PenaltyMean,0.0,2100.0000083343293,0.20156124357090846,2100.000002046205,0.2015291084037553
PenaltyMax,0.0,2100.00002351246,0.4445971958993942,2100.0000110411947,0.444557793470932
PieceWiseStd,0.0,4291.441378951139,49052.44549032073,2850.9886571895627,62808.56122797154
PieceWisePOC,0.0,4486.888983709498,109661.15478566069,2848.0229562759732,170281.34667524783
PieceWiseEpsilon,0.0,2117.0188575161246,0.21889473437526902,2100.765051541911,0.20801626524334327
