C07_30D, FeasibilityRate, MeanFitness, MeanViolation, BestFitness, ViolationForBestFitness
NoCHT,100,23.895331843520562,0.0,23.41900947399457,0.0
BrickWall,100,23.862421594439677,0.0,23.05742161188427,0.0
PenaltyMean,100,24.017109004092582,0.0,23.379066000106842,0.0
PenaltyMax,100,23.754494263172045,0.0,23.025021135242703,0.0
PieceWiseStd,100,24.00958888655222,0.0,23.386423107578565,0.0
PieceWisePOC,100,23.988315544218118,0.0,23.215550499277267,0.0
PieceWiseEpsilon,100,23.968698334234016,0.0,23.416265647600653,0.0
