C15_2D, FeasibilityRate, MeanFitness, MeanViolation, BestFitness, ViolationForBestFitness
NoCHT,0,4.150499113586019,18.97292195250662,0.0058269899488337905,0.0
BrickWall,100,NaN,0.0,1.7976931348623157E308,1.7976931348623157E308
PenaltyMean,0,0.3580307317063171,2.7346857505466753,1.5102694150415124E-4,0.0
PenaltyMax,0,0.34295447936465406,2.8460496715201438,2.9510018862687898E-5,0.0
PieceWiseStd,0,362.9677572381809,68.23808576184537,2.122255931075132,3.5853437222813622
PieceWisePOC,0,5953.463528633515,51.07087876052756,17.150260229078025,9.971306634319648
PieceWiseEpsilon,100,3.087428489701942E-4,0.0,1.0454139254212834E-7,0.0
