C14_2D, FeasibilityRate, MeanFitness, MeanViolation, BestFitness, ViolationForBestFitness
NoCHT,90.0,2.9737850728879094,0.16246051302411474,0.007245198845184864,0.0
BrickWall,0.0,NaN,NaN,1.7976931348623157E308,1.7976931348623157E308
PenaltyMean,96.66666666666667,0.997509349137978,0.020025123846183514,0.0035064940473994227,0.0
PenaltyMax,96.66666666666667,1.2890828953865567,0.09792107088021508,0.008796939001250677,0.0
PieceWiseStd,100.0,71.02991635379539,0.0,0.0014231172376746354,0.0
PieceWisePOC,73.33333333333333,4876.563345653451,4.965731708080986,3.225585218073242,0.0
PieceWiseEpsilon,100.0,4.8791691304687364E-6,0.0,1.2956215059576227E-8,0.0
