C03_30D, FeasibilityRate, MeanFitness, MeanViolation, BestFitness, ViolationForBestFitness
NoCHT,0,26.998050488639883,0.26626883923574296,24.210651755646435,0.1686868073495147
BrickWall,100,NaN,0.0,1.7976931348623157E308,1.7976931348623157E308
PenaltyMean,0,24.461074325539858,0.16596210527812397,23.99476430604816,0.16615677126854075
PenaltyMax,0,24.512264012345906,0.1689780727387917,24.04125424183921,0.17389533465514437
PieceWiseStd,0,4.621780834843415E12,429286.1177990042,3.1173398823260596E11,222896.1036411771
PieceWisePOC,0,5.675647038407544E12,400666.3598774994,6.736925545330273E11,41032.65090851737
PieceWiseEpsilon,0,28.65429053515637,0.0025795845038200206,28.58000960677083,0.004320928723065046
