C16_10D, FeasibilityRate, MeanFitness, MeanViolation, BestFitness, ViolationForBestFitness
NoCHT,0,0.022149165904957604,0.6899501447103069,9.341387231054377E-5,0.0017539943098884747
BrickWall,100,NaN,0.0,1.7976931348623157E308,1.7976931348623157E308
PenaltyMean,0,0.5748321370557362,473.86242858847993,0.20602118749732345,0.4187911720714115
PenaltyMax,0,0.5992571404354738,17.360156197525257,0.2822095721527159,0.30147337697292664
PieceWiseStd,0,0.6829180082729254,23.91088928267931,0.3643958335008932,124.48606212091666
PieceWisePOC,0,0.7961742986194328,16.662365836507842,0.606212376703338,0.1621903614365206
PieceWiseEpsilon,0,0.2813230923613381,0.1246107329550048,0.09188218470903164,0.17219913531111752
