G23, FeasibilityRate, MeanFitness, MeanViolation, BestFitness, ViolationForBestFitness
NoCHT,0,-3900.0,0.060226208196663376,-3900.0,0.0
BrickWall,100,NaN,0.0,1.7976931348623157E308,1.7976931348623157E308
PenaltyMean,100,-3900.0,0.0,-3900.0,0.0
PenaltyMax,100,-3900.0,0.0,-3900.0,0.0
PieceWiseStd,100,-3900.0,0.0,-3900.0,0.0
PieceWisePOC,100,-3900.0,0.0,-3900.0,0.0
PieceWiseEpsilon,100,-3900.0,0.0,-3900.0,0.0
