C05_10D, FeasibilityRate, MeanFitness, MeanViolation, BestFitness, ViolationForBestFitness
NoCHT,0,-607.4969860334683,328.82316734916685,-607.4969860334683,316.4217678401343
BrickWall,100,NaN,0.0,1.7976931348623157E308,1.7976931348623157E308
PenaltyMean,0,-481.4424273290832,3.3300186413141772,-482.2968205314865,6.278951148395062
PenaltyMax,0,-480.1624428772225,2.885167888014306,-481.9494250078911,7.114844342334656
PieceWiseStd,0,-39.15258869380301,19.45043568636209,-170.70345737570665,17.066049161973787
PieceWisePOC,0,13.408124046753112,19.449046089505767,-144.0636580961668,19.402487487205597
PieceWiseEpsilon,0,-179.02993696644333,8.612237908249645,-239.0495689950195,29.51819611658344
