C11_30D, FeasibilityRate, MeanFitness, MeanViolation, BestFitness, ViolationForBestFitness
NoCHT,0.0,-971.3835307030865,7.057730225266513E10,-1094.865644491795,8.161558069649463E10
BrickWall,0.0,NaN,NaN,1.7976931348623157E308,1.7976931348623157E308
PenaltyMean,0.0,-563.2621625272203,4.159604188378797E10,-678.5129009752543,5.003265771382819E10
PenaltyMax,0.0,-574.6735813235252,4.422400184493913E10,-725.4927547536087,4.2049069653750984E10
PieceWiseStd,0.0,-569.6963895441344,4.4687793413202644E10,-773.8921103838597,4.054371255944399E10
PieceWisePOC,0.0,-590.7861302408802,4.691530929983472E10,-789.8564861143223,5.590479543405769E10
PieceWiseEpsilon,0.0,-626.8620222357735,4.61729350364023E10,-801.8013339025376,7.40140031110632E10
