C01_10D, FeasibilityRate, MeanFitness, MeanViolation, BestFitness, ViolationForBestFitness
NoCHT,0,-21.867286597841712,0.375,-21.867286597841716,0.375
BrickWall,100,-0.7472117707354768,0.0,-0.7472629509165026,0.0
PenaltyMean,0,-12.110876044415717,0.35378153953041935,-21.867286597840753,0.375
PenaltyMax,0,-0.7646476765341605,0.012655095255247401,-1.271592011576704,0.37483740458031745
PieceWiseStd,100,-0.7470984877440513,0.0,-0.7471996112774509,0.0
PieceWisePOC,100,-0.7470757341860915,0.0,-0.74721921091581,0.0
PieceWiseEpsilon,100,-0.7470974162145865,0.0,-0.747237457345889,0.0
