C14_30D, FeasibilityRate, MeanFitness, MeanViolation, BestFitness, ViolationForBestFitness
NoCHT,100,25.244044677476577,0.0,24.257674662340975,0.0
BrickWall,100,9.586307952513594E12,0.0,6.059350900385574E12,0.0
PenaltyMean,100,28.487424678236394,0.0,23.945851404170977,0.0
PenaltyMax,100,25.35104223445461,0.0,24.19916447556502,0.0
PieceWiseStd,100,2.6986061166846477E13,0.0,1.0798423470133246E13,0.0
PieceWisePOC,100,2.7054861999943664E13,0.0,1.5050220089220922E13,0.0
PieceWiseEpsilon,0,1.2794194280040543E13,0.3664419347603219,4.108759803108531E12,0.0
