C05_2D, FeasibilityRate, MeanFitness, MeanViolation, BestFitness, ViolationForBestFitness
NoCHT,0,-609.0076733720134,366.46501756942547,-609.0076737584433,430.3070308231127
BrickWall,100,NaN,0.0,1.7976931348623157E308,1.7976931348623157E308
PenaltyMean,0,-588.8606973320323,374.3631529309753,-607.3507488819638,377.6068055122404
PenaltyMax,0,-579.4607724875167,429.1170877959878,-606.6751795836145,386.5688072779021
PieceWiseStd,0,-463.769275375567,135.58337821825194,-606.4940716765057,321.1071480407183
PieceWisePOC,0,-440.5078120167708,45.41475379285952,-485.55909749227095,78.11057202828948
PieceWiseEpsilon,0,-486.26527331290634,59.036504901673645,-512.365948614077,210.2678348370924
