C04_10D, FeasibilityRate, MeanFitness, MeanViolation, BestFitness, ViolationForBestFitness
NoCHT,0,-44.410701269669595,7059355.46421806,-44.410701269669595,7145999.721115209
BrickWall,100,NaN,0.0,1.7976931348623157E308,1.7976931348623157E308
PenaltyMean,0,-2.255757357052257,330069.2712550065,-9.522942348728828,615893.5921125653
PenaltyMax,0,-2.581767653512562,484592.6235040555,-14.645476781467185,2203159.560453932
PieceWiseStd,0,-1.302677201037875,215211.77952955567,-4.378772309448515,189247.6346909444
PieceWisePOC,0,6.346226007091939,258914.9263720587,-9.531403262272992,693184.2060172126
PieceWiseEpsilon,0,-9.169763261315241,183708.7155280602,-17.850773893318003,1685521.66171544
