G11, FeasibilityRate, MeanFitness, MeanViolation, BestFitness, ViolationForBestFitness
NoCHT,0,1.2041197246109857E-18,0.9999999994508186,7.088066160997818E-21,0.9999999999261208
BrickWall,100,0.7499000453829615,0.0,0.7499000006015946,0.0
PenaltyMean,0,0.00642430610846391,0.9520147618108988,1.612188235272424E-4,0.9893659373039281
PenaltyMax,0,0.007636694064469727,0.9512552959847865,2.5197402672465984E-4,0.9976602311268237
PieceWiseStd,0,0.18420082795763273,0.6620753039278957,0.014232471893575387,0.8963858861088985
PieceWisePOC,0,0.15750658753125873,0.6859809132422005,0.007890121263471583,0.9531993710928717
PieceWiseEpsilon,0,0.1609168081521799,0.6769806139992125,0.02681021956022515,0.9059467476872876
