C15_30D, FeasibilityRate, MeanFitness, MeanViolation, BestFitness, ViolationForBestFitness
NoCHT,100,25.241068819648955,0.0,23.99831525765075,0.0
BrickWall,100,NaN,0.0,1.7976931348623157E308,1.7976931348623157E308
PenaltyMean,100,27.04910474275526,0.0,24.214455185647143,0.0
PenaltyMax,100,24.695533838496434,0.0,24.140596545750782,0.0
PieceWiseStd,0,9.158475961590814E13,318.7226886878227,2.2570378449227453E13,183.50150249430604
PieceWisePOC,0,1.0775831044921195E14,477.0096999707668,6.292937034699609E13,102.95780473951588
PieceWiseEpsilon,0,2.854027860090872E13,410.946545522293,1.766872539274768E13,28.356106069029465
