C02_10D, FeasibilityRate, MeanFitness, MeanViolation, BestFitness, ViolationForBestFitness
NoCHT,0.0,-4.629471650598824,12.519293255246405,-4.629471650598824,12.739791848354782
BrickWall,0.0,NaN,NaN,1.7976931348623157E308,1.7976931348623157E308
PenaltyMean,0.0,-2.221809412618085,0.5082581718071497,-2.446240621896041,1.4067828770579311
PenaltyMax,0.0,-2.1452095693454685,0.11256274736723593,-2.192192990260886,0.15042461881596836
PieceWiseStd,0.0,-0.13401283085183946,0.2638137865729674,-1.1769431452052075,0.01622501846155681
PieceWisePOC,0.0,0.016977896813944845,0.14496221836156212,-0.8930493682298208,0.13469698559814228
PieceWiseEpsilon,0.0,-1.4598237018013818,0.042540200985394884,-1.7637727654794764,0.03196190993280249
