C04_2D, FeasibilityRate, MeanFitness, MeanViolation, BestFitness, ViolationForBestFitness
NoCHT,0,-50.8202023537279,33.71700767976018,-50.82020235372791,33.58085284743568
BrickWall,100,NaN,0.0,1.7976931348623157E308,1.7976931348623157E308
PenaltyMean,0,-50.82020234185317,33.551755160725016,-50.820202353607144,33.55167988807459
PenaltyMax,0,-41.81434137122154,31.72455474786041,-50.66670989128687,33.79231851423588
PieceWiseStd,0,-25.424933444785538,21.455838026226846,-39.61069081591042,31.60081343470918
PieceWisePOC,0,-25.786564383380977,20.21538953525413,-36.79609365946912,30.603660454554067
PieceWiseEpsilon,0,-26.379796645942925,19.069094235348782,-38.64857838658544,31.17365080528224
