C07_2D, FeasibilityRate, MeanFitness, MeanViolation, BestFitness, ViolationForBestFitness
NoCHT,100.0,7.029953004081243E-4,0.0,6.042029631006884E-9,0.0
BrickWall,100.0,2.2626395139921536E-5,0.0,1.1532607207875671E-8,0.0
PenaltyMean,100.0,0.0018562417634781182,0.0,2.9203830269965236E-8,0.0
PenaltyMax,100.0,5.489988270551962E-4,0.0,5.980242029839533E-8,0.0
PieceWiseStd,100.0,3.1288550539250107E-4,0.0,8.623505462067667E-8,0.0
PieceWisePOC,100.0,2.0816038139422812E-4,0.0,6.586618429973977E-8,0.0
PieceWiseEpsilon,100.0,9.771556265159572E-5,0.0,4.728114778249401E-8,0.0
