C13_10D, FeasibilityRate, MeanFitness, MeanViolation, BestFitness, ViolationForBestFitness
NoCHT,0,-522.6572437179336,925.5898778200485,-522.9623113807527,926.7668500418955
BrickWall,100,NaN,0.0,1.7976931348623157E308,1.7976931348623157E308
PenaltyMean,0,-203.77791303447472,344.7632495951139,-279.9113785790005,460.03698117080313
PenaltyMax,0,-175.49234724513238,305.59347478702983,-239.6828767552392,449.52578864906883
PieceWiseStd,0,-165.4783455943494,287.4427033676175,-214.91334873323467,418.6073612117778
PieceWisePOC,0,-178.11321532492983,338.52772767594894,-297.36369435658537,517.1473452443469
PieceWiseEpsilon,0,-184.62376820259163,278.00657480063444,-224.34173081987055,408.6677247825189
