G13, FeasibilityRate, MeanFitness, MeanViolation, BestFitness, ViolationForBestFitness
NoCHT,0,2.9119637548511304E-70,21.114741861397253,5.391626521501829E-76,38.39457537856965
BrickWall,100,0.003508737359143748,0.0,0.0034964209900571874,0.0
PenaltyMean,0,3.849672778530658E-6,11.05266674351544,1.1257534957768398E-33,20.95272235409743
PenaltyMax,0,4.0348242680212106E-11,10.791176061015394,1.7557439278430439E-53,9.77708458601863
PieceWiseStd,0,6.286373709132818E-7,6.476068804813449,2.1293994152828285E-24,13.22779596035538
PieceWisePOC,0,4.138060292273376E-5,5.2247616300091595,3.490969397443722E-16,4.347436568152699
PieceWiseEpsilon,0,3.306063190995294E-10,5.9911170384591115,7.906134721450101E-35,7.024770220379552
