G17, FeasibilityRate, MeanFitness, MeanViolation, BestFitness, ViolationForBestFitness
NoCHT,0,8213.326122722669,271.68917020928086,8213.326122722665,246.99091292814472
BrickWall,100,8853.549238977257,0.0,8853.543136418655,0.0
PenaltyMean,0,8218.461932462667,220.85663305902472,8215.508390550232,224.39864997807496
PenaltyMax,0,8247.781127757446,203.89512688182367,8222.622158276226,220.834483901809
PieceWiseStd,0,8584.045728289982,138.12861134751847,8412.663472842996,154.46253864161253
PieceWisePOC,0,8628.989468755444,127.0822176771549,8451.527820107414,132.45356018803207
PieceWiseEpsilon,0,8484.811499883883,146.65314829100663,8259.710278688757,194.7915899625046
