G03, FeasibilityRate, MeanFitness, MeanViolation, BestFitness, ViolationForBestFitness
NoCHT,0.0,-99999.95345784767,8.999999069156791,-99999.97612668521,8.999999522533674
BrickWall,100.0,-0.9952393013601044,0.0,-0.9986009794545206,0.0
PenaltyMean,0.0,-99999.95251870897,8.999999050374015,-99999.97396944348,8.999999479388826
PenaltyMax,0.0,-99999.95313419595,8.999999062683756,-99999.97081235763,8.999999416247093
PieceWiseStd,0.0,-631.6864339511616,3.539726292347409,-1771.1079486945137,4.643066147018636
PieceWisePOC,0.0,-981.7537918353058,3.620178625021555,-4478.467355439167,4.717901249916849
PieceWiseEpsilon,0.0,-906.5027279240123,3.4776308653357337,-3930.9605989374204,5.062183632534912
