C15_10D, FeasibilityRate, MeanFitness, MeanViolation, BestFitness, ViolationForBestFitness
NoCHT,0,10.275536442210097,22.074991507847006,4.984499854858302,0.0
BrickWall,100,NaN,0.0,1.7976931348623157E308,1.7976931348623157E308
PenaltyMean,0,8.505553751425815,2.521218466940575,3.7093003119426973,0.0
PenaltyMax,0,10.067290062512509,0.1792145174336942,3.6795373134114864,0.0
PieceWiseStd,0,3.149005609032052E12,1530.6515977576819,4.528770853517138E11,206.901452448424
PieceWisePOC,0,3.464265437200397E12,1126.588715899201,9.718762710687811E11,2050.0025528425444
PieceWiseEpsilon,0,3.937080669895589E10,185.14007095557903,4.346326556903806E9,6.16680770837083
