G06, FeasibilityRate, MeanFitness, MeanViolation, BestFitness, ViolationForBestFitness
NoCHT,0.0,-7972.999997408696,5.499999616649726,-7972.9999995087155,5.499999952207752
BrickWall,0.0,NaN,NaN,1.7976931348623157E308,1.7976931348623157E308
PenaltyMean,0.0,-7972.999997241643,5.499999572684024,-7972.999999757908,5.499999952051242
PenaltyMax,0.0,-7972.99999709759,5.49999950186692,-7972.999999641002,5.499999923586687
PieceWiseStd,0.0,-7882.5925739846625,2.0119157786212343,-7963.909053517975,5.072723829464724
PieceWisePOC,0.0,-7802.833232488161,5.544667687373724,-7949.34052908958,0.6649596374755475
PieceWiseEpsilon,0.0,-7961.143585110698,3.0550865638644584,-7971.220746443838,5.045426382552311
