G08, FeasibilityRate, MeanFitness, MeanViolation, BestFitness, ViolationForBestFitness
NoCHT,0,-1558.5454535404485,8.999945595711877,-1558.5454563401693,8.999989417887532
BrickWall,100,-0.09582496710368703,0.0,-0.09582504141796798,0.0
PenaltyMean,0,-1558.5453933035787,8.999728661881417,-1558.545451366111,8.999966640336908
PenaltyMax,0,-1558.545199630606,8.999422895688443,-1558.5453540322185,8.999721520197747
PieceWiseStd,0,-116.13326346114331,3.585333669142123,-725.3062535671575,7.797140039363755
PieceWisePOC,0,-37.40462587032011,1.430456172057148,-94.74287359510961,3.9898407855252556
PieceWiseEpsilon,0,-263.76659279940725,5.5922028251067335,-784.079104181843,8.825138356955256
