C16_30D, FeasibilityRate, MeanFitness, MeanViolation, BestFitness, ViolationForBestFitness
NoCHT,66.66666666666666,0.0,2.334046031809606E-237,0.0,0.0
BrickWall,0.0,NaN,NaN,1.7976931348623157E308,1.7976931348623157E308
PenaltyMean,0.0,1.0579035419385108,1.2104867053601862,1.0433272793678967,0.9783706651533742
PenaltyMax,0.0,1.0549154649040957,2.333074914265837,1.0422679704056168,0.272718079485768
PieceWiseStd,0.0,1.0593987690503561,1.8997028167663015,1.0390085397772095,0.5503706689908654
PieceWisePOC,0.0,1.0807700120052293,27.683847604957673,1.0487334578290846,0.019461470935248193
PieceWiseEpsilon,0.0,0.9572636565803444,0.21324413984914078,0.896185974806466,0.08484509537999951
