C08_2D, FeasibilityRate, MeanFitness, MeanViolation, BestFitness, ViolationForBestFitness
NoCHT,100.0,0.0034628443401509045,0.0,1.3819754867922287E-8,0.0
BrickWall,100.0,0.023155306682358563,0.0,4.033821279891745E-7,0.0
PenaltyMean,100.0,9.87073387095474E-4,0.0,2.1447604490636612E-8,0.0
PenaltyMax,100.0,8.500577113457335E-4,0.0,1.2901107008165747E-8,0.0
PieceWiseStd,100.0,0.08657002550772587,0.0,0.0014421962955562958,0.0
PieceWisePOC,100.0,0.09743998924939365,0.0,2.9406834406561354E-4,0.0
PieceWiseEpsilon,100.0,0.09047046434924531,0.0,1.1020881849276198E-4,0.0
