C11_2D, FeasibilityRate, MeanFitness, MeanViolation, BestFitness, ViolationForBestFitness
NoCHT,0,-66.1299058486502,2.661748674652918E8,-66.12990586941908,2.661752727197445E8
BrickWall,100,NaN,0.0,1.7976931348623157E308,1.7976931348623157E308
PenaltyMean,0,-58.6604219032122,3.5369254798844755E8,-65.97571743107623,2.5728065746526188E8
PenaltyMax,0,-55.568371991060985,4.022390080880622E8,-65.83852251189015,3.0499549085703653E8
PieceWiseStd,0,-55.201985389344124,3.8568593599215317E8,-65.68310954228171,3.552491629878389E8
PieceWisePOC,0,-53.399468452526335,4.2417903307659245E8,-64.36033961001822,4.7132435360175115E8
PieceWiseEpsilon,0,-62.85553103982137,3.310267903276886E8,-65.93134352621176,2.2025886392856047E8
