G09, FeasibilityRate, MeanFitness, MeanViolation, BestFitness, ViolationForBestFitness
NoCHT,0,6.902682605315132,7698.138569787506,6.902682605314851,7698.137898990431
BrickWall,100,680.6978975404062,0.0,680.66618932128,0.0
PenaltyMean,0,288.0449765044695,1398.1527192250262,167.25670174319802,2919.5420431579178
PenaltyMax,0,362.29509282336323,1611.4046291639847,141.99380062163615,4482.1152627095435
PieceWiseStd,0,627.8392359676006,416.7214800543333,390.42698895888907,903.8201983711957
PieceWisePOC,0,638.6615343020262,850.4222316298257,341.08234410907517,886.3850536361967
PieceWiseEpsilon,0,473.74928557852667,855.8815368580977,285.22435085510006,2934.0294604031214
