C17_10D, FeasibilityRate, MeanFitness, MeanViolation, BestFitness, ViolationForBestFitness
NoCHT,0,0.09209997039552217,301.66075340232777,0.03069177532141946,2.278435664263041
BrickWall,100,NaN,0.0,1.7976931348623157E308,1.7976931348623157E308
PenaltyMean,0,0.00838350798984776,0.018295998838711844,4.549108955193191E-4,0.0035885149562431915
PenaltyMax,0,0.012907027508993465,0.016399955234639538,0.0015791757999626844,0.002106945453699317
PieceWiseStd,0,48.96518828694957,0.528974067686296,21.146419973892726,0.27352522434416143
PieceWisePOC,0,55.8384373893635,3.8627476601440844,32.30940528941687,0.021432240431917205
PieceWiseEpsilon,0,7.6988024393876655,0.11153701564429401,2.2725696277847365,0.059497376522139926
