C09_30D, FeasibilityRate, MeanFitness, MeanViolation, BestFitness, ViolationForBestFitness
NoCHT,0,26.747071871891784,21.321078327745948,23.61255577916283,20.975295001657283
BrickWall,100,NaN,0.0,1.7976931348623157E308,1.7976931348623157E308
PenaltyMean,0,28.27026053390672,20.27899861418741,22.437316278011238,19.89162118868069
PenaltyMax,0,23.47691708505762,20.597731285867358,22.62572187942079,19.783475898495002
PieceWiseStd,0,6.484691795248735E12,21.562319345814295,3.3830972724608525E12,21.11893187562697
PieceWisePOC,0,6.481627752838488E12,15.080594570910844,3.191505124907822E12,2.9444521178271117
PieceWiseEpsilon,0,1.8842437314870703E12,11.101855250899236,1.0472021608707931E12,0.9535347619028016
