G15, FeasibilityRate, MeanFitness, MeanViolation, BestFitness, ViolationForBestFitness
NoCHT,0.0,400.000002611247,254.49999900886448,400.00000040763393,254.49999986050534
BrickWall,100.0,961.7155237475745,0.0,961.7151550499306,0.0
PenaltyMean,0.0,400.0000029611123,254.49999888154468,400.0000012165359,254.49999954595182
PenaltyMax,0.0,400.0000029151899,254.4999988964324,400.0000006905897,254.499999714563
PieceWiseStd,0.0,650.0102053949885,156.4490794400635,484.7245605775564,224.72863419561622
PieceWisePOC,0.0,659.1082637475753,154.46632877581604,564.3071195467444,190.11180300115052
PieceWiseEpsilon,0.0,645.7507133976308,159.33553385303267,547.4710125928768,193.26114522149302
