C17_30D, FeasibilityRate, MeanFitness, MeanViolation, BestFitness, ViolationForBestFitness
NoCHT,0.0,2.2882015500011748,4.187242329653623,0.4484439090330248,0.5798146795140177
BrickWall,0.0,NaN,NaN,1.7976931348623157E308,1.7976931348623157E308
PenaltyMean,0.0,0.3008767248965698,0.16906348571199611,0.071115903497717,0.02023870471292463
PenaltyMax,0.0,0.4721213322995774,0.09622815458216906,0.16982734234282215,0.024651603322342452
PieceWiseStd,0.0,488.09104943288605,2.33114153028955E10,296.4474719160539,1.6041490693220162
PieceWisePOC,0.0,536.9707592825533,0.21465679769595394,442.82832494738335,0.015796273714938042
PieceWiseEpsilon,0.0,278.340784849925,0.3746703563230283,190.3495165599188,0.4960299100696956
