C01_30D, FeasibilityRate, MeanFitness, MeanViolation, BestFitness, ViolationForBestFitness
NoCHT,0.0,-35.68442907642079,0.375,-35.6844290764208,0.375
BrickWall,100.0,-0.8203232779560029,0.0,-0.8211881498981015,0.0
PenaltyMean,60.0,-0.8195091268356225,5.776524739505259E-4,-0.8209425291030156,1.9963828120361793E-4
PenaltyMax,80.0,-0.8191893211386527,1.513002311492262E-4,-0.8207236674495977,0.0
PieceWiseStd,100.0,-0.8184255487612248,0.0,-0.8200762516455197,0.0
PieceWisePOC,100.0,-0.8185682152242234,0.0,-0.8204638095623501,0.0
PieceWiseEpsilon,100.0,-0.8189053406176994,0.0,-0.8203767492180951,0.0
