C05_30D, FeasibilityRate, MeanFitness, MeanViolation, BestFitness, ViolationForBestFitness
NoCHT,0.0,-603.8260580340475,347.8418382852308,-603.8260580340475,335.17824341402576
BrickWall,0.0,NaN,NaN,1.7976931348623157E308,1.7976931348623157E308
PenaltyMean,0.0,-461.8258238229739,6.165985489010259,-464.65728005098913,2.2632830696391184
PenaltyMax,0.0,-456.28745238394947,9.539307520378513,-461.577036907228,13.532870756256578
PieceWiseStd,0.0,231.8166697119011,3.8706818247197985,65.94755451513981,1.4988685747504413
PieceWisePOC,0.0,274.6291896137211,6.435104837628226,210.74927092531715,4.4444534920590995
PieceWiseEpsilon,0.0,112.97142106238533,2.3907742612575755,29.57755253365919,5.681234900294706
