C04_30D, FeasibilityRate, MeanFitness, MeanViolation, BestFitness, ViolationForBestFitness
NoCHT,0.0,-40.86474837350801,1.622293553368201E7,-40.86474837350801,1.5916126294411093E7
BrickWall,0.0,NaN,NaN,1.7976931348623157E308,1.7976931348623157E308
PenaltyMean,0.0,0.05625996107564873,0.039856053167511875,0.04053419485512144,0.054475130635506484
PenaltyMax,0.0,0.5464280834834071,9.891090936410375,0.15045329003844454,0.2662683859995521
PieceWiseStd,0.0,0.4457820390271521,1.7367392097466983,0.15374161126814379,0.15436494218790148
PieceWisePOC,0.0,25.733326271629306,526159.1525502958,22.32581344983028,193731.89368646627
PieceWiseEpsilon,0.0,-0.9020501494074915,3544.912225797349,-1.4124877738342345,2659.7815769929352
