C16_2D, FeasibilityRate, MeanFitness, MeanViolation, BestFitness, ViolationForBestFitness
NoCHT,33.33333333333333,4.842308036027514E-12,1.1011170107109937E-12,8.881784197001252E-16,2.8405379942481574E-16
BrickWall,0.0,NaN,NaN,1.7976931348623157E308,1.7976931348623157E308
PenaltyMean,73.33333333333333,1.225612204317864E-13,7.738005506044014E-15,0.0,0.0
PenaltyMax,40.0,6.455317761814664E-13,3.163373479867258E-14,8.881784197001252E-16,2.816308931295298E-16
PieceWiseStd,30.0,2.650709902022319E-5,1.7297477469931268E-4,1.1954611844888774E-7,0.0
PieceWisePOC,33.33333333333333,8.075140645481537E-5,3.214547559372169E-4,9.899207042973757E-8,0.0
PieceWiseEpsilon,100.0,2.677091881508886E-12,0.0,8.326672684688674E-15,0.0
