C06_10D_Met, FsR, FVC, PiIZ001, PiIZ025, RFBx
 ,0.0,0.1018955924761559,4.2666666666666667E-4,0.02511,0.0
