C09_2D_Met, FsR, FVC, PiIZ001, PiIZ025, RFBx
 ,0.0,0.3069896177474046,0.24603333333333333,0.24688333333333334,0.0
