C05_2D_Met, FsR, FVC, PiIZ001, PiIZ025, RFBx
 ,0.0,0.06914240663560169,0.01715,0.1527,0.0
