C03_10D_Met, FsR, FVC, PiIZ001, PiIZ025, RFBx
 ,0.0,0.4741461278434608,0.036153333333333336,0.037873333333333335,0.0
