C18_10D_Met, FsR, FVC, PiIZ001, PiIZ025, RFBx
 ,0.0,0.048982987544235725,0.05580333333333334,0.40912,2.0020020020020023E-5
