G22_Met, FsR, FVC, PiIZ001, PiIZ025, RFBx
 ,0.0,-3.4142616712925524E-4,0.10051060606060606,0.11865606060606061,0.0
