C10_30D_Met, FsR, FVC, PiIZ001, PiIZ025, RFBx
 ,0.0,0.08725539554357278,0.005937777777777778,0.31464,0.0
