G12_Met, FsR, FVC, PiIZ001, PiIZ025, RFBx
 ,0.047344444444444446,0.45024882292025203,0.07946666666666667,0.42256666666666665,0.02762762762762763
