C04_2D_Met, FsR, FVC, PiIZ001, PiIZ025, RFBx
 ,0.0,-0.2201505672376417,0.01685,0.15711666666666665,0.0
