C03_30D_Met, FsR, FVC, PiIZ001, PiIZ025, RFBx
 ,0.0,0.4671799542704959,1.0E-5,5.555555555555556E-6,0.0
