C11_10D_Met, FsR, FVC, PiIZ001, PiIZ025, RFBx
 ,0.0,-0.001706070129861175,0.0020266666666666666,0.04086,0.0
