C12_10D_Met, FsR, FVC, PiIZ001, PiIZ025, RFBx
 ,0.0,0.023319135938391678,0.0017666666666666666,0.04945,0.0
