G07_Met, FsR, FVC, PiIZ001, PiIZ025, RFBx
 ,0.0,0.2658134271957342,0.032883333333333334,0.10911666666666667,6.673340006673339E-6
