C05_30D_Met, FsR, FVC, PiIZ001, PiIZ025, RFBx
 ,0.0,-0.20917485955078666,1.0333333333333334E-4,0.013085555555555555,0.0
