C17_30D_Met, FsR, FVC, PiIZ001, PiIZ025, RFBx
 ,0.0,0.1136342333051343,0.005666666666666667,0.84505,2.224446668891113E-6
