C09_30D_Met, FsR, FVC, PiIZ001, PiIZ025, RFBx
 ,0.0,0.08976558716781365,0.00577,0.3311266666666667,0.0
