C13_10D_Met, FsR, FVC, PiIZ001, PiIZ025, RFBx
 ,0.0,-0.1907847040686471,6.766666666666667E-4,0.0013533333333333333,0.0
