C01_2D_Met, FsR, FVC, PiIZ001, PiIZ025, RFBx
 ,0.8326333333333333,0.08972432465604763,0.0010833333333333333,0.0091,0.014898231564898232
