C06_2D_Met, FsR, FVC, PiIZ001, PiIZ025, RFBx
 ,0.0,0.5518503835625957,0.014633333333333333,0.06175,0.0
