G14_Met, FsR, FVC, PiIZ001, PiIZ025, RFBx
 ,0.0,-0.9859658361256597,0.0,3.3333333333333333E-6,0.0
