C02_10D_Met, FsR, FVC, PiIZ001, PiIZ025, RFBx
 ,3.3333333333333333E-6,0.2339766900329669,4.133333333333333E-4,0.033023333333333335,0.0
