G18_Met, FsR, FVC, PiIZ001, PiIZ025, RFBx
 ,0.0,0.08574847548715536,0.0012592592592592592,0.015522222222222222,0.0
