C06_30D_Met, FsR, FVC, PiIZ001, PiIZ025, RFBx
 ,0.0,0.033652163284783994,1.0333333333333334E-4,0.009297777777777778,0.0
