G15_Met, FsR, FVC, PiIZ001, PiIZ025, RFBx
 ,0.03384444444444445,-0.993030879199261,0.0029000000000000002,0.13153333333333334,0.0051273495717940164
