C11_2D_Met, FsR, FVC, PiIZ001, PiIZ025, RFBx
 ,0.0,0.013166172841545488,0.0156,0.5068666666666667,0.0
