C14_10D_Met, FsR, FVC, PiIZ001, PiIZ025, RFBx
 ,0.003076666666666667,0.22371881596903062,0.05097666666666667,0.2626866666666667,0.006469803136469803
