G08_Met, FsR, FVC, PiIZ001, PiIZ025, RFBx
 ,0.00845,-0.001060246776021996,6.000000000000001E-4,0.05023333333333334,0.0017350684017350684
