C08_10D_Met, FsR, FVC, PiIZ001, PiIZ025, RFBx
 ,0.3778533333333333,-0.0018335249647666292,0.12380333333333333,0.4810566666666667,0.46627627627627627
