G09_Met, FsR, FVC, PiIZ001, PiIZ025, RFBx
 ,0.005223809523809524,0.01157784515611308,0.5399095238095238,0.5417857142857143,0.0013537346870680204
