C08_30D_Met, FsR, FVC, PiIZ001, PiIZ025, RFBx
 ,0.2941011111111111,1.970478933098103E-4,0.01105111111111111,0.42385222222222224,0.4131120008897786
