C15_2D_Met, FsR, FVC, PiIZ001, PiIZ025, RFBx
 ,1.1666666666666668E-4,0.60583195672323,0.33365,0.3382,2.6693360026693356E-4
