G05_Met, FsR, FVC, PiIZ001, PiIZ025, RFBx
 ,8.500000000000001E-4,-0.3469998480822619,0.020241666666666668,0.020825,0.0
