C17_10D_Met, FsR, FVC, PiIZ001, PiIZ025, RFBx
 ,0.0,0.1048287386438874,0.055683333333333335,0.92706,6.673340006673339E-6
