C02_2D_Met, FsR, FVC, PiIZ001, PiIZ025, RFBx
 ,0.0,0.03019798539949805,0.016833333333333332,0.13835,3.336670003336669E-5
