C11_30D_Met, FsR, FVC, PiIZ001, PiIZ025, RFBx
 ,0.0,2.6551910752698935E-4,4.3333333333333334E-5,3.222222222222222E-5,0.0
