C04_10D_Met, FsR, FVC, PiIZ001, PiIZ025, RFBx
 ,0.0,0.1406288321934883,5.033333333333333E-4,0.04595333333333333,0.0
