C07_30D_Met, FsR, FVC, PiIZ001, PiIZ025, RFBx
 ,0.24414333333333332,0.0575231135997364,0.009931111111111111,0.3706,0.04004560115671227
