G24_Met, FsR, FVC, PiIZ001, PiIZ025, RFBx
 ,0.4433,-0.6431840484214882,0.024566666666666667,0.5000833333333333,0.014631297964631298
