G23_Met, FsR, FVC, PiIZ001, PiIZ025, RFBx
 ,2.0370370370370372E-4,0.8900112634950782,0.004196296296296296,0.020703703703703703,7.044081118155194E-5
