G21_Met, FsR, FVC, PiIZ001, PiIZ025, RFBx
 ,0.011128571428571429,-0.23643457700779547,0.09922380952380952,0.5003952380952381,0.0064445397778731105
