C16_10D_Met, FsR, FVC, PiIZ001, PiIZ025, RFBx
 ,0.0,0.23717375696453757,3.1666666666666665E-4,0.5910533333333333,0.0
