G10_Met, FsR, FVC, PiIZ001, PiIZ025, RFBx
 ,4.166666666666666E-6,0.14869511092023616,0.007770833333333334,0.5070375,0.0
