C04_30D_Met, FsR, FVC, PiIZ001, PiIZ025, RFBx
 ,0.0,0.5068043348651754,1.2E-4,0.023566666666666666,0.0
