C16_2D_Met, FsR, FVC, PiIZ001, PiIZ025, RFBx
 ,1.666666666666666E-5,0.017676338569084443,0.07401666666666666,0.2922,3.336670003336669E-5
