C02_30D_Met, FsR, FVC, PiIZ001, PiIZ025, RFBx
 ,1.1111111111111106E-6,0.15435325302692599,1.1E-4,0.014528888888888888,2.224446668891113E-6
