C07_10D_Met, FsR, FVC, PiIZ001, PiIZ025, RFBx
 ,0.36927666666666664,0.01463682585269985,0.12489333333333333,0.4712266666666667,0.04832499165832499
