C12_2D_Met, FsR, FVC, PiIZ001, PiIZ025, RFBx
 ,0.0,-0.019267074066768152,0.007566666666666667,0.5043833333333333,0.0
