C14_2D_Met, FsR, FVC, PiIZ001, PiIZ025, RFBx
 ,0.0017000000000000001,0.3424987581216901,0.21851666666666666,0.2201,0.0031698365031698366
