C10_10D_Met, FsR, FVC, PiIZ001, PiIZ025, RFBx
 ,0.0,0.1566812332392123,0.08285333333333333,0.2860433333333333,0.0
