G02_Met, FsR, FVC, PiIZ001, PiIZ025, RFBx
 ,0.9999683333333333,NaN,8.0E-5,0.046805,0.018259926593259927
