C05_10D_Met, FsR, FVC, PiIZ001, PiIZ025, RFBx
 ,0.0,-0.07454997786909968,3.533333333333333E-4,0.03362333333333333,0.0
