C01_30D_Met, FsR, FVC, PiIZ001, PiIZ025, RFBx
 ,0.9221466666666667,-0.08955382291113437,2.2777777777777778E-4,0.15280888888888888,0.040809698587476365
