C01_10D_Met, FsR, FVC, PiIZ001, PiIZ025, RFBx
 ,0.9680666666666666,-0.0963002545558879,2.3E-4,0.02835,0.020997664330997666
