C18_30D_Met, FsR, FVC, PiIZ001, PiIZ025, RFBx
 ,1.7777777777777777E-5,0.02943699448274521,0.005763333333333334,0.44896555555555556,1.5571126682237793E-5
