C16_30D_Met, FsR, FVC, PiIZ001, PiIZ025, RFBx
 ,0.0,0.2776106321218933,0.001248888888888889,0.6461044444444445,0.0
