G01_Met, FsR, FVC, PiIZ001, PiIZ025, RFBx
 ,0.0,-0.9996470736020989,0.007446153846153846,0.009148717948717949,0.0
