C15_30D_Met, FsR, FVC, PiIZ001, PiIZ025, RFBx
 ,1.7555555555555556E-4,0.08510465759887853,0.003158888888888889,0.4472211111111111,5.994883772661551E-4
