C03_2D_Met, FsR, FVC, PiIZ001, PiIZ025, RFBx
 ,1.666666666666666E-5,0.24693019803254962,0.52355,0.5242666666666667,3.336670003336669E-5
