C17_2D_Met, FsR, FVC, PiIZ001, PiIZ025, RFBx
 ,0.0,-0.44753696798424203,0.53195,0.5470833333333334,6.673340006673339E-5
