C14_30D_Met, FsR, FVC, PiIZ001, PiIZ025, RFBx
 ,0.00531,0.17090449089689055,0.0028644444444444446,0.28357,0.011433655878100323
