G16_Met, FsR, FVC, PiIZ001, PiIZ025, RFBx
 ,1.7333333333333334E-4,0.7328448844482909,0.52218,0.5756866666666667,0.0
