C18_2D_Met, FsR, FVC, PiIZ001, PiIZ025, RFBx
 ,0.0,-0.017372248943067832,0.2825,0.2844333333333333,0.0
