C08_2D_Met, FsR, FVC, PiIZ001, PiIZ025, RFBx
 ,0.4278,0.0012844910752342464,0.49748333333333333,0.4930833333333333,0.525291958625292
