C09_10D_Met, FsR, FVC, PiIZ001, PiIZ025, RFBx
 ,0.0,0.15436110878281126,0.08085,0.29904,0.0
