G03_Met, FsR, FVC, PiIZ001, PiIZ025, RFBx
 ,0.002503333333333333,-0.7535169986836533,1.7333333333333334E-4,6.799999999999999E-4,0.00488822155488822
