G11_Met, FsR, FVC, PiIZ001, PiIZ025, RFBx
 ,0.66735,-0.834449316367459,0.19128333333333333,0.7130833333333333,0.0073740407073740405
