G13_Met, FsR, FVC, PiIZ001, PiIZ025, RFBx
 ,0.0456,0.004066131736339909,0.43452,0.43481333333333333,0.005839172505839173
