C15_10D_Met, FsR, FVC, PiIZ001, PiIZ025, RFBx
 ,9.0E-5,0.16606871932571518,0.05178,0.37865333333333334,1.5348682015348683E-4
