C07_2D_Met, FsR, FVC, PiIZ001, PiIZ025, RFBx
 ,0.4593666666666667,-0.09057202549986,0.533,0.5307499999999999,0.052135468802135466
