G17_Met, FsR, FVC, PiIZ001, PiIZ025, RFBx
 ,0.00853888888888889,-0.008812360971129073,0.002988888888888889,0.2025722222222222,0.0
