G19_Met, FsR, FVC, PiIZ001, PiIZ025, RFBx
 ,0.33548222222222224,-0.06547775017898516,0.07502444444444445,0.5532222222222222,0.007356245134022912
