C12_30D_Met, FsR, FVC, PiIZ001, PiIZ025, RFBx
 ,0.0,-0.02349483158146812,4.666666666666667E-5,5.9999999999999995E-5,0.0
