G06_Met, FsR, FVC, PiIZ001, PiIZ025, RFBx
 ,6.666666666666666E-5,0.9675178959794739,0.14883333333333332,0.15056666666666665,2.335669002335669E-4
